{
	"title": "Vue template",
	"externalLibs": {
		"js": "\nhttps://cdnjs.cloudflare.com/ajax/libs/vue/2.5.17/vue.min.js",
		"css": ""
	},
	"updatedOn": 1540223760000,
	"sizes": ["", "calc(17.4842% - 6px)", "calc(49.1221% - 3px)"],
	"mainSizes": [68.1051, 31.6949],
	"htmlMode": "html",
	"cssMode": "css",
	"jsMode": "es6",
	"layoutMode": 1,
	"js": "const app = new Vue({\n  el: '#root',\n  data: {\n    message: 'World'\n  }\n});",
	"html": "<div id=\"root\">\n  <h1>Hello {{ message }}</h1>\n</div>"
}
